81	"id_story"	"titre"	"id_img"	"id_doc"	"id_son"	"url_sharedoc_data"	"url _Nakala_data"	"url_image"	"source_auteur"	"url_source"	"date_production"	"date_info"	"lieu"	"texte"	"corpus"	"id_corpus"	"niveau"	"periode"
"id_01"	1	"Introduction"												"<p>             Les efflorescences et les échouages de macroalgues vertes en Bretagne sont aujourd’hui très bien suivis et documentés, en particulier par le              <a href=""https://www.ceva-algues.com/services-et-innovations/suivre-la-qualite-de-leau-et-analyser-les-dysfonctionnements-de-la-vegetation-aquatique/"" target=""_blank"" rel=""noopener noreferrer"">Centre d’Étude et de Valorisation des Algues</a>.             Ces suivis se sont mis en place progressivement et se sont renforcés, à mesure qu’une prise en charge coordonnée s’organisait.         </p>          <p>             Malgré le caractère historiquement récent de ces phénomènes, identifier leurs premières occurrences nécessite ainsi de croiser des sources dispersées qui, toutes, sont parcellaires et impliquent quelques précautions interprétatives.              C’est à présenter les plus importants d'entre eux de façon détaillée que ce premier chapitre s’attache : photographies aériennes anciennes, articles de presse ou de revues, archives des habitant·es, témoignages oraux, études scientifiques, archives administratives, enquêtes menées auprès des communes touchées constituent autant de traces et d’indications qui rapprochent la datation des premières marées vertes d’un exercice délicat d’archéologie du temps présent…         </p>"			1	
"id_02"	20	"Photographies aériennes du littoral"												"<p>Le corpus « Photographies aériennes du littoral » est composé de photographies du littoral breton datant de 1926 à 2023. Les photographies les plus anciennes proviennent de la photothèque nationale SHOM, Ifremer. Les fichiers téléchargeables, à partir du catalogue « Photos anciennes » de l’infrastructure de données d’Ifremer nommé Sextant (<a href=""https://sextant.ifremer.fr/"">https://sextant.ifremer.fr/</a>), sont des mosaïques de photos en noir et blanc scannées et géoréférencées provenant d’une même campagne. A partir de la bibliothèque de l’IGN (<a href=""https://remonterletemps.ign.fr/"">https://remonterletemps.ign.fr/</a>), des clichés aériens en noir et blanc, des années 50 aux années 90 complètent ce corpus. Il s’agit d’images brutes scannées, non géoréférencées, dont les informations suivantes sont renseignées : référence, numéro, échelle, type de cliché et date. Un large panel de photographies aériennes en couleur compose également ce corpus à partir de la base interne du Centre d’Etude et de Valorisation des Algues (CEVA). Elles sont issues du programme Prolittoral (2002), et du Réseau de Contrôle de Surveillance (RCS) et Opérationnel (RCO) de la Directive Cadre sur l’Eau (DCE) mis en place depuis 2007. Ces photographies acquises mensuellement durant la période de mai à septembre permettent d’évaluer la dynamique saisonnière et interannuelle des échouages d’algues vertes, ainsi que l’état écologique de la masse d’eau. Lorsqu’elles sont datées et localisées, les photographies représentent un matériel robuste pour documenter un lieu. Elles participent ainsi à mieux caractériser le paysage littoral passé et aider à historiciser l’émergence du phénomène de marée verte. Néanmoins, la qualité et quantité du corpus tend à diminuer avec les sauts dans le passé. La surveillance accrue du littoral vis-à-vis des proliférations d’algues vertes est née bien des années après les premiers signalements. A cela s’ajoute le fait que les clichés antérieurs aux années 90 de ce corpus sont uniquement en noir et blanc, ce qui rend difficile la discrimination des espèces algales échouées sur l’estran. La neutralité et le caractère visuel de ce corpus présentent un intérêt majeur lorsqu’il est associé à des fonds d’archives tels que des témoignages dont la perception de l’émergence du phénomène de « marée verte »  peut être propre à chaque individu et groupe d’acteur. </p>"	"Photographies aériennes du littoral"	"c_01"	2	"1926 à aujourd'hui"
"id_03"	21	"Photographie aérienne de la baie de Saint Michel en Grève en mai 1971"	"id_03.jpg"			"https://sharedocs.huma-num.fr/wl/?id=PIx21yFhGeirTToyzX5WU9sdYGkFZW87"		"https://sharedocs.huma-num.fr/wl/?id=PIx21yFhGeirTToyzX5WU9sdYGkFZW87"	"IGN "	"https://remonterletemps.ign.fr/"	03/05/71	03/05/71	"Baie de Saint Michel en Grève"	"<p>Ce cliché en noir en blanc, daté du 3 mai 1971, est issu de la bibliothèque de l’IGN. On observe très clairement des dépôts massifs de macro-algues sur la plage, et une bande foncée dans le rideau ceinturant le bas de plage. Cette photographie témoigne de l’eutrophisation de la baie à cette date à travers une prolifération algale. L’absence de couleur sur cette photographie ne permet pas de confirmer que les algues échouées correspondent à des ulves responsables du phénomène de « marée verte ». Néanmoins, certains éléments observés sur cette photographie sont comparables aux caractéristiques classiques des « marées vertes » : des formes dendritiques sur la plage, un rideau fortement concentré en algue, des dépôts particulièrement visibles à l’embouchure des rivières. </p>"	"Photographies aériennes du littoral"	"c_01"	3	
"id_04"	22	"Photographie aérienne Saint Michel en Grève -survol CEVA juillet 2016"	"id_04.JPG"			"https://sharedocs.huma-num.fr/wl/?id=sXDatd9yws1NgNrDsg1Q63Vg6qeMV2Zv"		"https://sharedocs.huma-num.fr/wl/?id=sXDatd9yws1NgNrDsg1Q63Vg6qeMV2Zv"	"CEVA"		19/07/16	19/07/16	"Baie de Saint Michel en Grève"	"<p>Datée du 19 juillet 2016, cette photographie aérienne, acquise par le Centre d’Etude et de Valorisation des Algues (CEVA), a été prise au-dessus de la baie de Saint Michel en Grève dans le cadre du Réseau de Contrôle et de Surveillance (RCS) de la Directive Cadre de l’Eau (DCE). A cette date et en ce lieu, la surface de l’estran recouverte par les ulves était de 109 hectares, ce qui correspond à la valeur la plus haute mesurée sur la période 2002-2023 pour un mois de juillet. Cette photographie illustre parfaitement les caractéristiques propres aux « marées vertes » observées sur les plages bretonnes. On peut observer des formes dendritiques dues aux dépôts d’ulves sur l’estran découvert à marée basse. Dans le rideau, la concentration des ulves maintenues en suspension dans une faible profondeur d’eau conduit à une forme de « bande verte » ceinturant le bas de plage. Il est classique d’observer des dépôts d’ulves plus marquées à proximité de l’embouchure d’une rivière. Sur cette photographie, l’influence du Yar, du ruisseau de Roscoat et de Kerdu (de gauche à droite) est bien visible. </p>"	"Photographies aériennes du littoral"	"c_01"	3	
"id_05"	23	"Photographie aérienne de la baie de La Fresnaye en mai 1966"	"id_05.jpg"			"https://sharedocs.huma-num.fr/wl/?id=TqbvOGaoZeJdDz5v0KmeVFWmqnlX2Z9O"		"https://sharedocs.huma-num.fr/wl/?id=TqbvOGaoZeJdDz5v0KmeVFWmqnlX2Z9O"	"IGN "	"https://remonterletemps.ign.fr/"	16/05/66	16/05/66	"Baie de La Fresnaye"	"<p>Ce cliché en noir en blanc, daté du 16 mai 1966, est issu de la bibliothèque de l’IGN. A cette date, une prolifération de macro-algue est clairement visible, symptôme probablement de l’eutrophisation de la baie. Malgré une bande foncée dans le rideau et des dépôts sur l’estran sous forme dendritique, caractéristiques classiques du phénomène de « marée verte », l’absence de couleur ne permet pas d’affirmer que les algues proliférantes sont des ulves, sans un croisement avec d’autres fonds d’archives. D’autant plus qu’au cours de ces deux dernières décennies, des proliférations d’une autre algue opportuniste, Pylaiella littoralis (algue brune filamenteuse), ont eu lieu à différentes reprises en baie de La Fresnaye, dont la forme et intensité des dépôts présentaient les mêmes marqueurs que pour les ulves sur une prise de vue aérienne. </p>"	"Photographies aériennes du littoral"	"c_01"	3	
"id_06"	24	"Photographie aérienne de la baie de La Fresnaye en juillet 2023"	"id_06.JPG"			"https://sharedocs.huma-num.fr/wl/?id=55m1a1nq12FuFUXrUzS1gCzklF8pfzDQ"		"https://sharedocs.huma-num.fr/wl/?id=55m1a1nq12FuFUXrUzS1gCzklF8pfzDQ"	"CEVA"		18/07/23	18/07/23	"Baie de La Fresnaye"	"<p>Datée du 18 juillet 2023, cette photographie aérienne, acquise par le Centre d’Etude et de Valorisation des Algues (CEVA), a été prise au-dessus de la baie de La Fresnaye dans le cadre du Réseau de Contrôle et de Surveillance (RCS) de la Directive Cadre sur l’Eau (DCE). La baie de La Fresnaye, inscrite dans le Programme de Lutte contre les Algues Vertes (PLAV), fait face depuis plusieurs années à des proliférations d’algues opportunistes du genre Ulvaria (algues vertes en lame de la même famille qu’Ulva spp.) et de l’espèce Pylaiella littoralis (algues brunes filamenteuse). Ce cliché illustre la prolifération de Pylaiella littoralis dans la baie de La Fresnaye avec des caractéristiques très similaires à celles associées à une « marée verte » sur une prise de vie aérienne : un rideau fortement concentré en algue ceinturant le bas de plage et des dépôts sur l’estran avec des formes dendritiques. La prolifération de cette algue brune est également observée ailleurs sur le littoral breton, et particulièrement connue des baies de Lancieux et Douarnenez (exemple <a href=""https://sharedocs.huma-num.fr/wl/?id=Lz1bwh1Fk4X6PNHNJ8oo16x9DXvZASEF)"">photographie de la plage du Ry prise par le CEVA en juillet 2018</a>).</p> <p><br />En règle générale, la prolifération de Pylaiella littoralis s’accompagne d’une faible, voire absence, prolifération d’ulves dans le même milieu. Plusieurs études convergent pour émettre l’hypothèse que Pylaiella littoralis serait plus compétitive que les ulves vis-à-vis d’une température et ensoleillement plus faible, et d’un milieu moins riche en azote.</p> <p>Pour plus d’information :<br /><em>Louis, J., Ballu, S., Rossi, N., Lasbleiz, M., Perrot, T., Daniel, C., ... &amp; Richier, S. (2023). Multi-year renewal of green tides: 18 years of algal mat monitoring (2003–2020) on French coastline (Brittany region). Marine Pollution Bulletin, 193, 115173. https://doi.org/10.1016/j.marpolbul.2023.115173</em></p>"	"Photographies aériennes du littoral"	"c_01"	3	
"id_07"	25	"Photographie aérienne Plage du Ry en juillet 2018"	"id_07.JPG"			"https://sharedocs.huma-num.fr/wl/?id=Lz1bwh1Fk4X6PNHNJ8oo16x9DXvZASEF"			"CEVA"		12/07/18	12/07/18	"Baie de Douarnenez"		"Photographies aériennes du littoral"	"c_01"	3	
	30	"Archives de presse, revue"													"Archives de presse, revue"	"c_02"	2	
	31	"Document 1"													"Archives de presse, revue"	"c_02"	3	
	32	"Document 2"													"Archives de presse, revue"	"c_02"	3	
	40	"Archives citoyennes"													"Archives citoyennes"	"c_03"	2	
	41	"Test intégration du son"			"id_41.mp3"				"Lorem Ipsum"		02/07/22	02/07/22	"Baie "	"<p>Lorem ipsum</p>"	"Archives citoyennes"	"c_03"	3	
	42	"Document 2"													"Archives citoyennes"	"c_03"	3	
	50	"Entretiens, témoignages"													"Entretiens, témoignages"	"c_04"	2	
	51	"Document 1"													"Entretiens, témoignages"	"c_04"	3	
	52	"Document 2"													"Entretiens, témoignages"	"c_04"	3	
"id_10"	60	"Études et expertises scientifiques"												"<p>Comme l’énonce Jean Yves Pirou dans son rapport intitulé Les marées vertes sur le littoral Breton - Bilan 1985 : « Les marées vertes n’ont vraiment été révélées par les médias qu’à partir de 1968 en baie de Lannion, en 1972 en baie de Saint-Brieuc, en 1976 en baie de Douarnenez, en 1980 en baie de Concarneau. Ces années correspondent, dans la courbe de progression du phénomène, à un premier niveau critique : celui où les marées vertes deviennent une gêne préoccupante pour les riverains. ».</p> <p>L’enjeu scientifique concernant la compréhension et la gestion des échouages d’algues vertes sur l’ensemble du littoral Breton va s’accélérer via la création du CEVA en 1982 (anciennement CERAA) et permettre d’alimenter activement le corpus « Etudes et Expertises Scientifique » sur le phénomène de marée verte. En 1986 naît des programmes de recherches collaboratifs entre Ifremer et le CEVA à l’initiative du Conseil Général des Côtes du Nord. A cette période, nombreuses sont les interrogations concernant les caractéristiques taxonomiques et écophysiologiques des algues vertes responsables du phénomène de marée vertes, et les liens de causalités avec les teneurs nutritives du milieu (page de couverture du <a href=""stories/greenseas/corpus_doc/id_10_A.JPG"" target=""_blank"">rapport «Etude de certains aspects écopysiologiques des marées vertes »</a> ). De nombreux rapports établis au cours des années 1990 par le CEVA ont fait l’objet d’un suivi des proliférations d’algues vertes spécifiquement au niveau des baies de Lannion et Saint Brieuc, financé par le Conseil Général des Côtes d’Armor (page de couverture du <a href=""stories/greenseas/corpus_doc/id_10_C.JPG"" target=""_blank"">rapport « Lutte préventive et curative contre les proliférations des marées vertes en Baies de Lannion et de Saint Brieuc - Suivi des proliférations algales en Côtes d'Armor et estimation des biomasses en baies de Saint Brieuc et de Lannion en 1996 »</a> ). Un tournant a lieu dans les années 2000 avec les programmes Prolittoral en 2002 et CIMAV en 2008 conduits par le CEVA, à travers le déploiement d’un outil de modélisation, connu actuellement sous le nom de « ECO-MARS-3D-Ulves » et élaboré initialement par Ifremer (référence : Alain Menesguen, 1992. Modelling coastal eutrophication: the case of French Ulva mass blooms. Marine Coastal Eutrophication). Plusieurs rapports illustrent l’emploi en plein essor de ce nouvel outil, orienté à la détermination des objectifs de qualité « nitrates » au niveau des exutoires (page de couverture du <a href=""stories/greenseas/corpus_doc/id_10_B.JPG"" target=""_blank"">rapport « Application du modèle écologique mars-ulves à la détermination des objectifs de qualité nitrates/ulves aux exutoires du frémur et du quillimadec »</a> ).</p>"	"Études et expertises scientifiques"	"c_05"	2	"1977 à aujourd'hui"
"id_11"	61	"Intervention manuscrite de D.Briault ""Les marées Vertes"" dans le cadre du colloque Eutrophisation du 25-26 novembre 1987"	"id_11.JPG"	"id_11.pdf"		"https://sharedocs.huma-num.fr/wl/?id=0SZCmajGIJs1AtFIIGRmyPdGDSgJKyLy"		"https://sharedocs.huma-num.fr/wl/?id=LSwcqGxPJUF3Y4o3mFMZu4wUd8rBlyqQ"	" CEVA"		"01/11/87"	1967	"Baie de Lannion "	"<p>Dans le cadre du colloque « Eutrophisation » organisé conjointement par l’Agence de Bassin Loire-Bretagne et par l’Association Française pour la Protection des Eaux, et qui a lieu le 25 et 26 novembre 1987, Monsieur Dominique Brault, anciennement directeur du CEVA, est intervenu sur les sujets suivants : </p> <ul> <li>Les marées vertes : caractérisations biologiques et écophysiologiques</li> <li>Les marées vertes : une alternative au simple transfert de pollution</li> <li>Les marées vertes : un exemple de réponse biologique à des perturbations en milieu littoral</li> </ul> <p>Le document présente le manuscrit de ses trois interventions, adressé le 03 novembre 1987 à Monsieur Receveur, chargé de mission à l’Agence de Bassin Loire-Bretagne. A travers la description du phénomène de marée verte, D. Brault fait l’état de son émergence en Bretagne en baie de Lannion en 1967, suivie d’une extension à l’ensemble du littoral jusqu’à une stabilisation du phénomène début des années 1980.</p> <p>Les autres conférenciers présents à ce colloque étaient affiliés à la Fondation de l’Eau, l’Agence de bassin Rhône-Méd.-Corse, le Centre d’Études et de Recherches en Biologie et Océanographie Médicale (CERBOM), Ifremer, la Société Lyonnaise des Eaux, SRAE Basse Normandie, l’Institut de Limnologie, Electricité de France, et BETURE-SETAME. </p>"	"Études et expertises scientifiques"	"c_05"	3	
"id_12"	62	"Étude du phénomène de ""Marée Verte"" affectant les baies de Lannion et de Saint-Brieuc par Joël Kopp en 1977"	"id_12.JPG"	"id_12.pdf"		"https://sharedocs.huma-num.fr/wl/?id=xfKBZbYpll1o0kSeqZyuJE1KFVkCgPwi"		"https://sharedocs.huma-num.fr/wl/?id=GwNQ0DBvU2ZlEyxSY3crw0HKCY4exDmu"	"ISTPM-bibliothèque de Nantes"		"01/06/77"	1968	"Baies de Saint Brieuc et de Lannion"	"<p>En introduction, Joël Kopp décline son exposé de la manière suivante :</p> <ul> <li>Historique du phénomène et des différentes études s’y rapportant</li> <li>Banalité du phénomène</li> <li>Caractéristiques des espèces Ulva lactuca et Ulva rigida</li> <li>Diversité des travaux réalisés</li> </ul> <p>Dès le début du manuscrit, il mentionne : « Depuis 1968 les plages des baies de Saint Brieuc et de Lannion sont envahies chaque été par d’innombrables épaves d’algues vertes appartenant aux espèces Ulva lactuca et Ulva rigida. Ce phénomène est connu sous le nom de marée verte ».</p> <p>Ce rapport a pour finalité de présenter les résultats obtenus au cours de différentes missions (entre 1973 et 1976) sur les baies de Saint Brieuc et de Lannion. Il s’agissait de cartographier les échouages d’ulves sur l’estran, d’identifier et caractériser les champs d’algues par plongée sous-marine, et enfin d’évaluer le déplacement pélagique des ulves et la courantologie spécifique des deux baies. Des échantillonnages d’eau de mer avaient également été réalisés pour mesurer des teneurs en nitrate et phosphate. A ces missions s’ajoutaient des travaux réalisés en laboratoire sur des ulves prélevées à Locquirec, Noirmoutier et Saint Quay Portrieux afin d’évaluer leur croissance selon différents ajouts nutritifs, et leur taux de fertilité.</p> <p>En conclusion, Joël Kopp soumet des causes potentielles du « développement anarchique » des ulves, à savoir :</p> <ul> <li>Des facteurs d’origine physique : modification de la bathymétrie des baies de Saint Brieuc et de Lannion à travers un phénomène d’ensablement qui favoriserait la disparation d’herbiers et des champs de laminaire au profit du développement des ulves</li> <li>Des facteurs d’origine chimique : des teneurs nutritives particulièrement importantes qui accélèrent la croissance des ulves</li> <li>Des facteurs d’origine biologique : la disparition progressive des bigorneaux Littorine par une suractivité de la pêche à pied, considérés comme un prédateur des ulves.</li> </ul> <p>En terme de moyens de lutte préconisés, Joël Kopp met en avant la nécessité d’agir sur les facteurs influençant « la qualité des rejets terrigènes » et « la protection de l’écologie benthique de l’estran » à travers le développement de station d’épuration permettant de « neutraliser les nitrates et les phosphates » dans les eaux usées d’origine urbaine, ainsi que dans les fleuves et ruisseaux côtiers impactés par le lessivage des sols agricoles. Il rappelle néanmoins que « la lutte contre les causes primaires du phénomène de marée verte suppose des crédits très importants sans qu’il soit possible de garantir totalement l’efficacité des réalisations projetées qui ne pourront de toute façon réduire l’importance du phénomène que très partiellement ». Comme moyen de lutte plus efficace, il soutient une destruction des algues sur les champs à travers l’action de broutage des bigorneaux Littorines qui seraient « déversés sur les champs ».</p> <p> </p>"	"Études et expertises scientifiques"	"c_05"	3	
"id_13"	63	"Les marées vertes sur le littoral breton - Bilan 1985 par Jean Yves Piriou"	"id_13.JPG"	"id_13.pdf"		"https://sharedocs.huma-num.fr/wl/?id=f3i70ZlzSGKKx9w6gOq4iVAT05dTBB2g"		"https://sharedocs.huma-num.fr/wl/?id=22wQ0qhEtooi5CdDWIMgzWRX5S3uTmDx"	"Ifremer"		1985	"1924 à 1966"	"Baie de Saint Brieuc"	"<p>Ce manuscrit rédigé par Jean Yves Piriou, ancien Chercheur à l’Ifremer, fait l’état des lieux d’une première année de prospection de la Baie de Saint Brieuc qui avait pour but de cartographier les zones de prolifération, d’étudier les facteurs morphologiques et physiques pouvant favoriser les proliférations et les échouages, et enfin d’évaluer les apports nutritifs d’origine terrigène.</p> <p>Dans son préambule, il mentionne que vraisemblablement « les proliférations d’ulves ont existé depuis très longtemps sur les côtes bretonnes et déjà en assez grande importance dans les secteurs les plus touchés aujourd’hui. Les marées noires de ces 20 dernières années et la diminution qui s’en suivit des animaux brouteurs (bigorneaux, oursins …) ne font donc pas partie des causes majeures du phénomène. » Comme référentiel, il mentionne un signalement daté de 1924 par le directeur de la station agronomique INRA de Quimper indiquant, en parlant d’ulves, que « l’été, sur les côtes de la Manche, le flot en apporte journellement qui, avec les autres algues, forment une sorte de bourrelet dessinant le niveau de la mer ». Jean Yves Piriou s’appuie également sur des photographies aériennes de l’IGN de 1952 et 1966 de la baie de Saint Michel en Grève (<a href=""https://sharedocs.huma-num.fr/wl/?id=nLwEiw9iAaF9XZwndu64NmgeHrZF1z5O"">Icone vers une photographie de 1952</a> ; <a href=""https://sharedocs.huma-num.fr/wl/?id=UCLmzAZ7mtHHGSYXxMBsfdqpQaVCrVak"">Icone vers une photographie de 1966</a> ) et de la Baie de Saint Brieuc (<a href=""https://sharedocs.huma-num.fr/wl/?id=AMNSK0JcsXqkOZTb4S1vVZsj9UjLsOfE"">Icone vers une photographie de 1966</a> ). Il émet l’hypothèse que les proliférations algales observées dans le rideau sur ces photographies de l’IGN sont comparables à celles observées en 1985 en baie de Saint Brieuc définies comme une « masse compacte de thalles d’ulves, flottant dans l’eau peu profonde, va et vient au gré des marées à la limite des eaux ».</p> <p>En conclusion de ce rapport, Jean Yves Piriou définit « les secteurs potentiels de proliférations d’ulves flottantes au bas de l’eau » comme suit : «</p> <ul> <li>Baie ou anse peu profonde et semi-fermée,</li> <li>Résultante courantologique portant plutôt vers la côte,</li> <li>Absence de courants de vidange,</li> <li>Débouché au fond de l’anse d’un ou plusieurs cours d’eau. »</li> </ul>"	"Études et expertises scientifiques"	"c_05"	3	
	70	"Archives publiques"													"Archives publiques"	"c_06"	2	
	71	"Document 1"													"Archives publiques"	"c_06"	3	
"id_08"	80	"Enquêtes communales"						"https://sharedocs.huma-num.fr/wl/?id=YQlEExQ19lqjxAfODuReazsX3KIi0e5B"						"<p>Lors de la création du CEVA en 1982 (anciennement CERAA), une enquête par questionnaire a été adressée par voie postale à des communes littorales des 4 départements, dont l’objectif était de collecter des informations sur le phénomène d’intensification de la présence d’algues vertes au cours des dernières années. Le questionnaire aborde les constatations d’échouage sur le littoral communal et les ramassages éventuellement entrepris : volume, type d’algue, coûts engendrés, moyens de ramassage et destination des algues. Aujourd’hui, les courriers sont adressés électroniquement aux communes et un questionnaire en ligne a été mis en place en 2019. Une base de données a été créée et mise à jour chaque année depuis 1997 avec les volumes d’algues vertes ramassées (m3/an) signalés par les communes. Les déclarations en terme de volumes d'algues vertes collectés peuvent être approximatives par certaines communes. Malgré ces manques de précision, les communes réellement concernées par des échouages massifs et des ramassages importants, communiquent des informations précises qui permettent d’appréhender à la fois les volumes collectés et leurs évolutions au fil des ans.</p> <p>Une attention particulière de ce corpus s’est portée sur les enquêtes manuscrites faisant l’objet d’un premier signalement ou d’une analyse rétroactive du phénomène de marée par les services communaux de 1982 à 2003.</p>"	"Enquêtes communales"	"c_07"	2	"1982 à aujourd'hui"
"id_09"	81	"Enquête ramassage de 1983 collectée auprès de la mairie de Plouézec"	"id_09.JPG"	"id_09.pdf"		"https://sharedocs.huma-num.fr/wl/?id=oOAkbzaxFW9Ed9Clgxi1UVHYg5t4SxAj"		"https://sharedocs.huma-num.fr/wl/?id=oOAkbzaxFW9Ed9Clgxi1UVHYg5t4SxAj"	"CEVA"		1983	"1980-1981"	"Commune de Plouézec"	"<p>En réponse à l’enquête sur le ramassage des algues vertes adressée par le CEVA, la commune de Plouézec indique qu’au cours de l’année 1983, environ 180 m3 d’algues vertes ont été ramassées manuellement et à l’aide de tractopelles. Les sites touchés par les échouages d’algues vertes sont la plage de Bréhec, Pors-Pin, et de Port-Lazo à Boulgueff.</p> <p>Deux commentaires manuscrits figurent sur le document d’enquête. Un premier signé par l’adjoint au Maire, indique que l’apparition des algues vertes sur le secteur de Port-Lazo à Boulgueff date de 1980. Il mentionne également l’extension des parcs à huitres sur table et s’interroge sur une potentielle dégradation de la qualité des eaux côtières qui serait à l’origine du phénomène de marée verte sur le littoral breton. <br />Le second commentaire est signé par le chef de travaux de la mairie de Plouézec, datant l’apparition des algues vertes sur le secteur de Bréhec à l’été 1981.</p>"	"Enquêtes communales"	"c_07"	3	
