81	"id_story"	"titre"	"id_img"	"id_doc"	"id_son"	"url_sharedoc_data"	"url _Nakala_data"	"url_image"	"source_auteur"	"url_source"	"date_production"	"date_info"	"lieu"	"texte"	"nom_zoom"	"id_zoom"	"niveau"	"periode"	"code_insee"
"id_01"	1	"Introduction"												"<section>           <p>             Ce chapitre propose dans un premier temps une lecture régionale des données issues des enquêtes de ramassage             (cf corpus caractérisé). L’ambition est d’identifier les régularités, les contrastes et les dynamiques             territoriales qui se dégagent de l’agrégation des observations collectées.           </p>            <p>             Le second objectif consiste à mettre en œuvre une analyse croisée de l’ensemble des sources disponibles.             Les données quantitatives et qualitatives issues des enquêtes sont confrontées à des matériaux hétérogènes             (photographies, entretiens et témoignages, archives citoyennes, publiques et de presse, expertises scientifiques),             afin de construire des interprétations plus étayées et contextualisées. Cette triangulation des sources répond à             une exigence méthodologique centrale : renforcer la robustesse des résultats en croisant les régimes de preuve et             en confrontant les traces matérielles, discursives et administratives.           </p>            <p>L’analyse se concentre sur trois territoires sélectionnés :</p>            <ul>             <li>Baie de Douarnenez à travers la commune de Plonévez-Porzay</li>             <li>Baie de St Brieuc à travers la commune de Hillion</li>             <li>Baie de la Forêt à travers la commune de La Forêt-Fouesnant</li>           </ul>            <p>             Ce choix méthodologique vise à éclairer la manière dont les configurations locales influencent à la fois la             production des données d’enquête et les dynamiques observées. La mise en regard des résultats des enquêtes             communales de ramassage avec les autres corpus documentaires offre ainsi un cadre d’évaluation critique de la             fiabilité du dispositif d’enquête : elle permet d’identifier les convergences, de qualifier les écarts et de             documenter les éventuels biais.           </p>         </section>"		"n_intro"	1		
	10	"Résultats de l’analyse des enquêtes communales"												"<h4>Mon analyse</h4> <p>J'ins&egrave;re ici mon texte d'analyse au format html</p> <p>Lorem ipsum dolor sit amet, consectetur adipiscing elit, sed do eiusmod tempor incididunt ut labore et dolore magna aliqua. Ut enim ad minim veniam, quis nostrud exercitation ullamco laboris nisi ut aliquip ex ea commodo consequat. Duis aute irure dolor in reprehenderit in voluptate velit esse cillum dolore eu fugiat nulla pariatur. Excepteur sint occaecat cupidatat non proident, sunt in culpa qui officia deserunt mollit anim id est laborum.</p> <p>Duis aute irure dolor in reprehenderit in voluptate velit esse cillum dolore eu fugiat nulla pariatur. Excepteur sint occaecat cupidatat non proident, sunt in culpa qui officia deserunt mollit anim id est laborum.</p>"	"Résultats de l’analyse des enquêtes communales"	"n_01"	2		
	11	"Document 11"												"Lorem ipsum dolor sit amet, consectetur adipiscing elit, sed do eiusmod tempor incididunt ut labore et dolore magna aliqua. Ut enim ad minim veniam, quis nostrud exercitation ullamco laboris nisi ut aliquip ex ea commodo consequat. Duis aute irure dolor in reprehenderit in voluptate velit esse cillum dolore eu fugiat nulla pariatur. Excepteur sint occaecat cupidatat non proident, sunt in culpa qui officia deserunt mollit anim id est laborum."	"Résultats de l’analyse des enquêtes communales"	"n_01"	3		
	20	"Zoom sur Hillion"												"<h4>Mon analyse</h4> <p>J'ins&egrave;re ici mon texte d'analyse au format html</p> <p>Lorem ipsum dolor sit amet, consectetur adipiscing elit, sed do eiusmod tempor incididunt ut labore et dolore magna aliqua. Ut enim ad minim veniam, quis nostrud exercitation ullamco laboris nisi ut aliquip ex ea commodo consequat. Duis aute irure dolor in reprehenderit in voluptate velit esse cillum dolore eu fugiat nulla pariatur. Excepteur sint occaecat cupidatat non proident, sunt in culpa qui officia deserunt mollit anim id est laborum.</p> <p>Duis aute irure dolor in reprehenderit in voluptate velit esse cillum dolore eu fugiat nulla pariatur. Excepteur sint occaecat cupidatat non proident, sunt in culpa qui officia deserunt mollit anim id est laborum.</p>"	"Zoom sur Hillion"	"n_02"	2		22081
	21	"Exemple de document associé à Hillion – 21"	"id_21.jpg"	"id_21.pdf"					"CEVA"		1985	"1924 à 1966
"	"Lamballe"	"Lorem ipsum dolor sit amet, consectetur adipiscing elit, sed do eiusmod tempor incididunt ut labore et dolore magna aliqua. Ut enim ad minim veniam, quis nostrud exercitation ullamco laboris nisi ut aliquip ex ea commodo consequat. Duis aute irure dolor in reprehenderit in voluptate velit esse cillum dolore eu fugiat nulla pariatur. Excepteur sint occaecat cupidatat non proident, sunt in culpa qui officia deserunt mollit anim id est laborum."	"Zoom sur Hillion"	"n_02"	3		22081
	30	"Zoom sur Baie de Douarnenez"												"<h4>Mon analyse</h4> <p>J'ins&egrave;re ici mon texte d'analyse au format html</p> <p>Lorem ipsum dolor sit amet, consectetur adipiscing elit, sed do eiusmod tempor incididunt ut labore et dolore magna aliqua. Ut enim ad minim veniam, quis nostrud exercitation ullamco laboris nisi ut aliquip ex ea commodo consequat. Duis aute irure dolor in reprehenderit in voluptate velit esse cillum dolore eu fugiat nulla pariatur. Excepteur sint occaecat cupidatat non proident, sunt in culpa qui officia deserunt mollit anim id est laborum.</p> <p>Duis aute irure dolor in reprehenderit in voluptate velit esse cillum dolore eu fugiat nulla pariatur. Excepteur sint occaecat cupidatat non proident, sunt in culpa qui officia deserunt mollit anim id est laborum.</p>"	"Zoom sur Baie de Douarnenez"	"n_03"	2		"29256,29172,29166,29176,29090,29046 
"
	31	"Exemple de document associé à la Baie de Douarnenez – 31"	"id_31.JPG"						"IGN"		2004	2004	"Douarnenez"	"Lorem ipsum dolor sit amet, consectetur adipiscing elit, sed do eiusmod tempor incididunt ut labore et dolore magna aliqua. Ut enim ad minim veniam, quis nostrud exercitation ullamco laboris nisi ut aliquip ex ea commodo consequat. Duis aute irure dolor in reprehenderit in voluptate velit esse cillum dolore eu fugiat nulla pariatur. Excepteur sint occaecat cupidatat non proident, sunt in culpa qui officia deserunt mollit anim id est laborum."	"Zoom sur Baie de Douarnenez"	"n_03"	3		"29256,29172,29166,29176,29090,29046 
"
	40	"Zoom sur Baie de la Forêt"												"Lorem ipsum dolor sit amet, consectetur adipiscing elit, sed do eiusmod tempor incididunt ut labore et dolore magna aliqua. Ut enim ad minim veniam, quis nostrud exercitation ullamco laboris nisi ut aliquip ex ea commodo consequat. Duis aute irure dolor in reprehenderit in voluptate velit esse cillum dolore eu fugiat nulla pariatur. Excepteur sint occaecat cupidatat non proident, sunt in culpa qui officia deserunt mollit anim id est laborum."	"Zoom sur Baie de la Forêt"	"n_04"	2		"29058,29057,29039,29293 
"
	41	"Exemple de document associé à la Baie de la Forêt – 41"			"id_41.mp3"				"CEVA"		2004	2004	"Quimper"	"Lorem ipsum dolor sit amet, consectetur adipiscing elit, sed do eiusmod tempor incididunt ut labore et dolore magna aliqua. Ut enim ad minim veniam, quis nostrud exercitation ullamco laboris nisi ut aliquip ex ea commodo consequat. Duis aute irure dolor in reprehenderit in voluptate velit esse cillum dolore eu fugiat nulla pariatur. Excepteur sint occaecat cupidatat non proident, sunt in culpa qui officia deserunt mollit anim id est laborum."	"Zoom sur Baie de la Forêt"	"n_04"	3		"29058,29057,29039,29293 "
